trader,sym,date,time,exchange,side,quantity,price,wqp,account,src,settelpx,pandl
AG1357,SONH2,5,5,5,5,5,5,5,5,5,5,5
AG1357,SONH2-SONM2,2,2,2,2,2,2,2,2,2,2,2
AG1357,SONH3,12,12,12,12,12,12,12,12,12,12,12
AG1357,SONH4,7,7,7,7,7,7,7,7,7,7,7
AG1357,SONM2,35,35,35,35,35,35,35,35,35,35,35
AG1357,SONM2-SONU2,33,33,33,33,33,33,33,33,33,33,33
AG1357,SONU2,75,75,75,75,75,75,75,75,75,75,75
AG1357,SONU2-SONZ2,42,42,42,42,42,42,42,42,42,42,42
AG1357,SONZ1,3,3,3,3,3,3,3,3,3,3,3
AG1357,SONZ1-SONH2,3,3,3,3,3,3,3,3,3,3,3
AG1357,SONZ2,54,54,54,54,54,54,54,54,54,54,54
AG1357,SONZ2-SONH3,12,12,12,12,12,12,12,12,12,12,12
AG1357,SONZ3,7,7,7,7,7,7,7,7,7,7,7
AG1357,SONZ3-SONH4,7,7,7,7,7,7,7,7,7,7,7
AGUPTA,SNA+11Z-32H+32M-12U,1,1,1,1,1,1,1,1,1,0,0
AGUPTA,SNA+12H-32M+32U-12Z,7,7,7,7,7,7,7,7,7,0,0
AGUPTA,SNA+12U-32Z+33H-13M,3,3,3,3,3,3,3,3,3,0,0
AGUPTA,SNA+12Z-33H+33M-13U,5,5,5,5,5,5,5,5,5,0,0
AGUPTA,SNA-STGH22,3,3,3,3,3,3,3,3,3,0,0
AGUPTA,SNA-STGH23,3,3,3,3,3,3,3,3,3,0,0
AGUPTA,SNA-STGM21,76,76,76,76,76,76,76,76,76,0,0
AGUPTA,SNA-STGM22,2,2,2,2,2,2,2,2,2,0,0
AGUPTA,SNA-STGU21,3,3,3,3,3,3,3,3,3,0,0
AGUPTA,SNA-STGU22,1,1,1,1,1,1,1,1,1,0,0
AGUPTA,SNA-STGZ21,9,9,9,9,9,9,9,9,9,0,0
AGUPTA,SNA-STGZ22,2,2,2,2,2,2,2,2,2,2,2
AGUPTA,SNA:BF H23-M23-U23,1,1,1,1,1,1,1,1,1,1,1
AGUPTA,SNA:BF U21-Z21-H22,1,1,1,1,1,1,1,1,1,1,1
AGUPTA,SNA:BF Z22-H23-M23,1,1,1,1,1,1,1,1,1,1,1
AGUPTA,SNAH22,17,17,17,17,17,17,17,17,17,17,17
AGUPTA,SNAH22-SNAM22,5,5,5,5,5,5,5,5,5,0,0
AGUPTA,SNAH23,36,36,36,36,36,36,36,36,36,36,36
AGUPTA,SNAH23-SNAM23,12,12,12,12,12,12,12,12,12,0,0
AGUPTA,SNAH27,2,2,2,2,2,2,2,2,2,2,2
AGUPTA,SNAM21,76,76,76,76,76,76,76,76,76,76,76
AGUPTA,SNAM22,34,34,34,34,34,34,34,34,34,34,34
AGUPTA,SNAM22-SNAU22,19,19,19,19,19,19,19,19,19,0,0
AGUPTA,SNAM23,41,41,41,41,41,41,41,41,41,41,41
AGUPTA,SNAM23-SNAU23,19,19,19,19,19,19,19,19,19,0,0
AGUPTA,SNAU21,4,4,4,4,4,4,4,4,4,4,4
AGUPTA,SNAU22,46,46,46,46,46,46,46,46,46,46,46
AGUPTA,SNAU22-SNAZ22,15,15,15,15,15,15,15,15,15,0,0
AGUPTA,SNAU23,28,28,28,28,28,28,28,28,28,28,28
AGUPTA,SNAU23-SNAZ23,3,3,3,3,3,3,3,3,3,0,0
AGUPTA,SNAZ21,11,11,11,11,11,11,11,11,11,11,11
AGUPTA,SNAZ22,43,43,43,43,43,43,43,43,43,43,43
AGUPTA,SNAZ22-SNAH23,10,10,10,10,10,10,10,10,10,0,0
AGUPTA,SNAZ23,3,3,3,3,3,3,3,3,3,3,3
AGUPTA,SON+11Z-32H+32M-12U,1,1,1,1,1,1,1,1,1,0,0
AGUPTA,SON+12H-32M+32U-12Z,10,10,10,10,10,10,10,10,10,0,0
AGUPTA,SON+12M-32U+32Z-13H,1,1,1,1,1,1,1,1,1,0,0
AGUPTA,SON+12U-32Z+33H-13M,4,4,4,4,4,4,4,4,4,0,0
AGUPTA,SON+12Z-33H+33M-13U,5,5,5,5,5,5,5,5,5,0,0
AGUPTA,SON-STLH22,3,3,3,3,3,3,3,3,3,0,0
AGUPTA,SON-STLH23,3,3,3,3,3,3,3,3,3,0,0
AGUPTA,SON-STLM21,76,76,76,76,76,76,76,76,76,0,0
AGUPTA,SON-STLM22,2,2,2,2,2,2,2,2,2,0,0
AGUPTA,SON-STLU21,3,3,3,3,3,3,3,3,3,0,0
AGUPTA,SON-STLU22,1,1,1,1,1,1,1,1,1,0,0
AGUPTA,SON-STLZ21,15,15,15,15,15,15,15,15,15,0,0
AGUPTA,SON-STLZ22,4,4,4,4,4,4,4,4,4,4,4
AGUPTA,SONH22,33,33,33,33,33,33,33,33,33,33,33
AGUPTA,SONH22-SONM22,15,15,15,15,15,15,15,15,15,0,0
AGUPTA,SONH23,56,56,56,56,56,56,56,56,56,56,56
AGUPTA,SONH23-SONM23,14,14,14,14,14,14,14,14,14,0,0
AGUPTA,SONH27,2,2,2,2,2,2,2,2,2,2,2
AGUPTA,SONM21,87,87,87,87,87,87,87,87,87,87,87
AGUPTA,SONM21-SONU21,11,11,11,11,11,11,11,11,11,0,0
AGUPTA,SONM22,62,62,62,62,62,62,62,62,62,62,62
AGUPTA,SONM22-SONU22,31,31,31,31,31,31,31,31,31,0,0
AGUPTA,SONM23,41,41,41,41,41,41,41,41,41,41,41
AGUPTA,SONM23-SONU23,18,18,18,18,18,18,18,18,18,0,0
AGUPTA,SONM26,1,1,1,1,1,1,1,1,1,1,1
AGUPTA,SONU21,19,19,19,19,19,19,19,19,19,19,19
AGUPTA,SONU21-SONZ21,5,5,5,5,5,5,5,5,5,0,0
AGUPTA,SONU22,85,85,85,85,85,85,85,85,85,85,85
AGUPTA,SONU22-SONZ22,37,37,37,37,37,37,37,37,37,0,0
AGUPTA,SONU23,27,27,27,27,27,27,27,27,27,27,27
AGUPTA,SONU23-SONZ23,4,4,4,4,4,4,4,4,4,0,0
AGUPTA,SONZ21,24,24,24,24,24,24,24,24,24,24,24
AGUPTA,SONZ21-SONH22,3,3,3,3,3,3,3,3,3,0,0
AGUPTA,SONZ22,90,90,90,90,90,90,90,90,90,90,90
AGUPTA,SONZ22-SONH23,29,29,29,29,29,29,29,29,29,0,0
AGUPTA,SONZ23,4,4,4,4,4,4,4,4,4,4,4
AGUPTA,STGH22,3,3,3,3,3,3,3,3,3,3,3
AGUPTA,STGH23,4,4,4,4,4,4,4,4,4,4,4
AGUPTA,STGH25,1,1,1,1,1,1,1,1,1,1,1
AGUPTA,STGM21,76,76,76,76,76,76,76,76,76,76,76
AGUPTA,STGM22,2,2,2,2,2,2,2,2,2,2,2
AGUPTA,STGU21,3,3,3,3,3,3,3,3,3,3,3
AGUPTA,STGU22,1,1,1,1,1,1,1,1,1,1,1
AGUPTA,STGZ21,9,9,9,9,9,9,9,9,9,9,9
AGUPTA,STGZ22,2,2,2,2,2,2,2,2,2,2,2
AGUPTA,STGZ24,1,1,1,1,1,1,1,1,1,1,1
AGUPTA,STLH22,3,3,3,3,3,3,3,3,3,3,3
AGUPTA,STLH23,3,3,3,3,3,3,3,3,3,3,3
AGUPTA,STLH25,1,1,1,1,1,1,1,1,1,1,1
AGUPTA,STLM21,76,76,76,76,76,76,76,76,76,76,76
AGUPTA,STLM22,2,2,2,2,2,2,2,2,2,2,2
AGUPTA,STLM23,2,2,2,2,2,2,2,2,2,2,2
AGUPTA,STLU21,3,3,3,3,3,3,3,3,3,3,3
AGUPTA,STLU22,1,1,1,1,1,1,1,1,1,1,1
AGUPTA,STLZ21,15,15,15,15,15,15,15,15,15,15,15
AGUPTA,STLZ22,4,4,4,4,4,4,4,4,4,4,4
AK1357,SONH2,1,1,1,1,1,1,1,1,1,1,1
AK1357,SONH2-SONM2,1,1,1,1,1,1,1,1,1,1,1
AK1357,SONM2,1,1,1,1,1,1,1,1,1,1,1
AK1357,SONU3,1,1,1,1,1,1,1,1,1,1,1
AK1357,SONU3-SONZ3,1,1,1,1,1,1,1,1,1,1,1
AK1357,SONZ3,1,1,1,1,1,1,1,1,1,1,1
AKUMAR,SNA-STGM22,3,3,3,3,3,3,3,3,3,0,0
AKUMAR,SNA-STGU22,2,2,2,2,2,2,2,2,2,0,0
AKUMAR,SNA-STGZ21,3,3,3,3,3,3,3,3,3,0,0
AKUMAR,SNAM22,3,3,3,3,3,3,3,3,3,3,3
AKUMAR,SNAM26,4,4,4,4,4,4,4,4,4,4,4
AKUMAR,SNAU22,2,2,2,2,2,2,2,2,2,2,2
AKUMAR,SNAZ21,3,3,3,3,3,3,3,3,3,3,3
AKUMAR,SNAZ26,1,1,1,1,1,1,1,1,1,1,1
AKUMAR,SON+12Z-33H+33M-13U,1,1,1,1,1,1,1,1,1,0,0
AKUMAR,SON-STLM22,3,3,3,3,3,3,3,3,3,0,0
AKUMAR,SON-STLU21,5,5,5,5,5,5,5,5,5,0,0
AKUMAR,SON-STLU22,2,2,2,2,2,2,2,2,2,0,0
AKUMAR,SON-STLZ21,2,2,2,2,2,2,2,2,2,0,0
AKUMAR,SON:BF H23-M23-U23,1,1,1,1,1,1,1,1,1,0,0
AKUMAR,SON:BF Z22-H23-M23,2,2,2,2,2,2,2,2,2,0,0
AKUMAR,SONH23,4,4,4,4,4,4,4,4,4,4,4
AKUMAR,SONM22,3,3,3,3,3,3,3,3,3,3,3
AKUMAR,SONM23,4,4,4,4,4,4,4,4,4,4,4
AKUMAR,SONU21,5,5,5,5,5,5,5,5,5,5,5
AKUMAR,SONU22,2,2,2,2,2,2,2,2,2,2,2
AKUMAR,SONU23,2,2,2,2,2,2,2,2,2,2,2
AKUMAR,SONZ21,2,2,2,2,2,2,2,2,2,2,2
AKUMAR,SONZ22,3,3,3,3,3,3,3,3,3,3,3
AKUMAR,SONZ26,1,1,1,1,1,1,1,1,1,1,1
AKUMAR,STG+11M-31U+31Z-12H,1,1,1,1,1,1,1,1,1,0,0
AKUMAR,STG+11U-31Z+32H-12M,22,22,22,22,22,22,22,22,22,0,0
AKUMAR,STG+12M-32U+32Z-13H,5,5,5,5,5,5,5,5,5,0,0
AKUMAR,STG+12U-32Z+33H-13M,1,1,1,1,1,1,1,1,1,0,0
AKUMAR,STG+12Z-33H+33M-13U,1,1,1,1,1,1,1,1,1,0,0
AKUMAR,STG+13Z-34H+34M-14U,5,5,5,5,5,5,5,5,5,0,0
AKUMAR,STG+14H-34M+34U-14Z,11,11,11,11,11,11,11,11,11,0,0
AKUMAR,STGH22,23,23,23,23,23,23,23,23,23,23,23
AKUMAR,STGH23,7,7,7,7,7,7,7,7,7,7,7
AKUMAR,STGH24,16,16,16,16,16,16,16,16,16,16,16
AKUMAR,STGH25,2,2,2,2,2,2,2,2,2,2,2
AKUMAR,STGH27,1,1,1,1,1,1,1,1,1,1,1
AKUMAR,STGM21,1,1,1,1,1,1,1,1,1,1,1
AKUMAR,STGM22,30,30,30,30,30,30,30,30,30,30,30
AKUMAR,STGM23,3,3,3,3,3,3,3,3,3,3,3
AKUMAR,STGM24,16,16,16,16,16,16,16,16,16,16,16
AKUMAR,STGM26,1,1,1,1,1,1,1,1,1,1,1
AKUMAR,STGU21,23,23,23,23,23,23,23,23,23,23,23
AKUMAR,STGU22,8,8,8,8,8,8,8,8,8,8,8
AKUMAR,STGU23,1,1,1,1,1,1,1,1,1,1,1
AKUMAR,STGU24,17,17,17,17,17,17,17,17,17,17,17
AKUMAR,STGZ21,26,26,26,26,26,26,26,26,26,26,26
AKUMAR,STGZ22,7,7,7,7,7,7,7,7,7,7,7
AKUMAR,STGZ23,8,8,8,8,8,8,8,8,8,8,8
AKUMAR,STGZ24,11,11,11,11,11,11,11,11,11,11,11
AKUMAR,STGZ25,1,1,1,1,1,1,1,1,1,1,1
AKUMAR,STL+11M-31U+31Z-12H,1,1,1,1,1,1,1,1,1,0,0
AKUMAR,STL+11U-31Z+32H-12M,19,19,19,19,19,19,19,19,19,0,0
AKUMAR,STL+12H-32M+32U-12Z,6,6,6,6,6,6,6,6,6,0,0
AKUMAR,STL+12M-32U+32Z-13H,11,11,11,11,11,11,11,11,11,0,0
AKUMAR,STL+12U-32Z+33H-13M,1,1,1,1,1,1,1,1,1,0,0
AKUMAR,STL+12Z-33H+33M-13U,2,2,2,2,2,2,2,2,2,0,0
AKUMAR,STL+13Z-34H+34M-14U,6,6,6,6,6,6,6,6,6,0,0
AKUMAR,STL+14H-34M+34U-14Z,9,9,9,9,9,9,9,9,9,0,0
AKUMAR,STLH22,26,26,26,26,26,26,26,26,26,26,26
AKUMAR,STLH23,19,19,19,19,19,19,19,19,19,19,19
AKUMAR,STLH24,22,22,22,22,22,22,22,22,22,22,22
AKUMAR,STLH24-STLU24,6,6,6,6,6,6,6,6,6,0,0
AKUMAR,STLH25,5,5,5,5,5,5,5,5,5,5,5
AKUMAR,STLH26,1,1,1,1,1,1,1,1,1,1,1
AKUMAR,STLM21,1,1,1,1,1,1,1,1,1,1,1
AKUMAR,STLM22,40,40,40,40,40,40,40,40,40,40,40
AKUMAR,STLM23,4,4,4,4,4,4,4,4,4,4,4
AKUMAR,STLM24,16,16,16,16,16,16,16,16,16,16,16
AKUMAR,STLU21,25,25,25,25,25,25,25,25,25,25,25
AKUMAR,STLU22,21,21,21,21,21,21,21,21,21,21,21
AKUMAR,STLU22-STLH23,1,1,1,1,1,1,1,1,1,0,0
AKUMAR,STLU23,2,2,2,2,2,2,2,2,2,2,2
AKUMAR,STLU24,24,24,24,24,24,24,24,24,24,24,24
AKUMAR,STLZ21,23,23,23,23,23,23,23,23,23,23,23
AKUMAR,STLZ22,24,24,24,24,24,24,24,24,24,24,24
AKUMAR,STLZ22-STLH23,4,4,4,4,4,4,4,4,4,0,0
AKUMAR,STLZ23,7,7,7,7,7,7,7,7,7,7,7
AKUMAR,STLZ24,12,12,12,12,12,12,12,12,12,12,12
AM1057,BTCJ1,5,5,5,5,5,5,5,5,5,5,5
AM1057,BTCK1,5,5,5,5,5,5,5,5,5,5,5
AM1057,SONH2,4,4,4,4,4,4,4,4,4,4,4
AM1057,SONH2-SONM2,1,1,1,1,1,1,1,1,1,1,1
AM1057,SONH3,24,24,24,24,24,24,24,24,24,24,24
AM1057,SONH3-SONM3,1,1,1,1,1,1,1,1,1,1,1
AM1057,SONH4,5,5,5,5,5,5,5,5,5,5,5
AM1057,SONM2,1,1,1,1,1,1,1,1,1,1,1
AM1057,SONM3,3,3,3,3,3,3,3,3,3,3,3
AM1057,SONM3-SONU3,2,2,2,2,2,2,2,2,2,2,2
AM1057,SONU1,5,5,5,5,5,5,5,5,5,5,5
AM1057,SONU1-SONZ1,5,5,5,5,5,5,5,5,5,5,5
AM1057,SONU2,14,14,14,14,14,14,14,14,14,14,14
AM1057,SONU2-SONZ2,14,14,14,14,14,14,14,14,14,14,14
AM1057,SONU3,3,3,3,3,3,3,3,3,3,3,3
AM1057,SONU3-SONZ3,1,1,1,1,1,1,1,1,1,1,1
AM1057,SONZ1,8,8,8,8,8,8,8,8,8,8,8
AM1057,SONZ1-SONH2,3,3,3,3,3,3,3,3,3,3,3
AM1057,SONZ2,37,37,37,37,37,37,37,37,37,37,37
AM1057,SONZ2-SONH3,23,23,23,23,23,23,23,23,23,23,23
AM1057,SONZ3,6,6,6,6,6,6,6,6,6,6,6
AM1057,SONZ3-SONH4,5,5,5,5,5,5,5,5,5,5,5
AMENON,STG+11M-31U+31Z-12H,2,2,2,2,2,2,2,2,2,0,0
AMENON,STG+11U-31Z+32H-12M,16,16,16,16,16,16,16,16,16,0,0
AMENON,STG+12M-32U+32Z-13H,7,7,7,7,7,7,7,7,7,0,0
AMENON,STG+12Z-33H+33M-13U,4,4,4,4,4,4,4,4,4,0,0
AMENON,STG+13H-33M+33U-13Z,1,1,1,1,1,1,1,1,1,0,0
AMENON,STG+13U-33Z+34H-14M,1,1,1,1,1,1,1,1,1,0,0
AMENON,STG+13Z-34H+34M-14U,2,2,2,2,2,2,2,2,2,0,0
AMENON,STG+14H-34M+34U-14Z,1,1,1,1,1,1,1,1,1,0,0
AMENON,STG+14M-34U+34Z-15H,4,4,4,4,4,4,4,4,4,0,0
AMENON,STGH22,18,18,18,18,18,18,18,18,18,18,18
AMENON,STGH23,12,12,12,12,12,12,12,12,12,12,12
AMENON,STGH24,4,4,4,4,4,4,4,4,4,4,4
AMENON,STGH25,4,4,4,4,4,4,4,4,4,4,4
AMENON,STGM21,2,2,2,2,2,2,2,2,2,2,2
AMENON,STGM22,23,23,23,23,23,23,23,23,23,23,23
AMENON,STGM23,5,5,5,5,5,5,5,5,5,5,5
AMENON,STGM24,8,8,8,8,8,8,8,8,8,8,8
AMENON,STGU21,18,18,18,18,18,18,18,18,18,18,18
AMENON,STGU22,7,7,7,7,7,7,7,7,7,7,7
AMENON,STGU23,6,6,6,6,6,6,6,6,6,6,6
AMENON,STGU24,7,7,7,7,7,7,7,7,7,7,7
AMENON,STGZ21,18,18,18,18,18,18,18,18,18,18,18
AMENON,STGZ22,11,11,11,11,11,11,11,11,11,11,11
AMENON,STGZ23,4,4,4,4,4,4,4,4,4,4,4
AMENON,STGZ24,5,5,5,5,5,5,5,5,5,5,5
AMENON,STL+11M-31U+31Z-12H,1,1,1,1,1,1,1,1,1,0,0
AMENON,STL+11U-31Z+32H-12M,20,20,20,20,20,20,20,20,20,0,0
AMENON,STL+12H-32M+32U-12Z,6,6,6,6,6,6,6,6,6,0,0
AMENON,STL+12M-32U+32Z-13H,16,16,16,16,16,16,16,16,16,0,0
AMENON,STL+12U-32Z+33H-13M,1,1,1,1,1,1,1,1,1,0,0
AMENON,STL+12Z-33H+33M-13U,9,9,9,9,9,9,9,9,9,0,0
AMENON,STL+13H-33M+33U-13Z,2,2,2,2,2,2,2,2,2,0,0
AMENON,STL+13M-33U+33Z-14H,1,1,1,1,1,1,1,1,1,0,0
AMENON,STL+13U-33Z+34H-14M,2,2,2,2,2,2,2,2,2,0,0
AMENON,STL+13Z-34H+34M-14U,7,7,7,7,7,7,7,7,7,0,0
AMENON,STL+14H-34M+34U-14Z,1,1,1,1,1,1,1,1,1,0,0
AMENON,STL+14M-34U+34Z-15H,4,4,4,4,4,4,4,4,4,0,0
AMENON,STL+14Z-35H+35M-15U,5,5,5,5,5,5,5,5,5,0,0
AMENON,STL:BF M21-U21-Z21,2,2,2,2,2,2,2,2,2,0,0
AMENON,STL:BF U21-Z21-H22,1,1,1,1,1,1,1,1,1,0,0
AMENON,STL:BF Z21-H22-M22,2,2,2,2,2,2,2,2,2,0,0
AMENON,STLH22,30,30,30,30,30,30,30,30,30,30,30
AMENON,STLH23,28,28,28,28,28,28,28,28,28,28,28
AMENON,STLH24,14,14,14,14,14,14,14,14,14,14,14
AMENON,STLH24-STLM24,3,3,3,3,3,3,3,3,3,3,3
AMENON,STLH25,15,15,15,15,15,15,15,15,15,15,15
AMENON,STLM21,3,3,3,3,3,3,3,3,3,3,3
AMENON,STLM22,49,49,49,49,49,49,49,49,49,49,49
AMENON,STLM22-STLU22,5,5,5,5,5,5,5,5,5,0,0
AMENON,STLM23,13,13,13,13,13,13,13,13,13,13,13
AMENON,STLM24,17,17,17,17,17,17,17,17,17,17,17
AMENON,STLM25,5,5,5,5,5,5,5,5,5,5,5
AMENON,STLU21,24,24,24,24,24,24,24,24,24,24,24
AMENON,STLU22,29,29,29,29,29,29,29,29,29,29,29
AMENON,STLU22-STLZ22,1,1,1,1,1,1,1,1,1,1,1
AMENON,STLU23,14,14,14,14,14,14,14,14,14,14,14
AMENON,STLU24,19,19,19,19,19,19,19,19,19,19,19
AMENON,STLU24-STLH25,6,6,6,6,6,6,6,6,6,0,0
AMENON,STLU25,5,5,5,5,5,5,5,5,5,5,5
AMENON,STLZ21,26,26,26,26,26,26,26,26,26,26,26
AMENON,STLZ22,33,33,33,33,33,33,33,33,33,33,33
AMENON,STLZ23,13,13,13,13,13,13,13,13,13,13,13
AMENON,STLZ23-STLU24,1,1,1,1,1,1,1,1,1,1,1
AMENON,STLZ24,11,11,11,11,11,11,11,11,11,11,11
ARB01057EK,BTCJ1,16,16,16,16,16,16,16,16,16,16,16
ARB01057EK,BTCJ1-BTCK1,1,1,1,1,1,1,1,1,1,1,1
ARB01057EK,BTCK1,11,11,11,11,11,11,11,11,11,11,11
ARB01057EK,H2OJ1,3,3,3,3,3,3,3,3,3,0,0
ARB01057EK,H2OK1,8,8,8,8,8,8,8,8,8,8,8
CA1057,GE:FB 05Y M1,1,1,1,1,1,1,1,1,1,1,1
CA1057,GEH2,11,11,11,11,11,11,11,11,11,11,11
CA1057,GEH3,5,5,5,5,5,5,5,5,5,5,5
CA1057,GEH4,2,2,2,2,2,2,2,2,2,2,2
CA1057,GEH5,1,1,1,1,1,1,1,1,1,1,1
CA1057,GEH6,1,1,1,1,1,1,1,1,1,1,1
CA1057,GEM1,5,5,5,5,5,5,5,5,5,5,5
CA1057,GEM2,6,6,6,6,6,6,6,6,6,6,6
CA1057,GEM3,4,4,4,4,4,4,4,4,4,4,4
CA1057,GEM4,1,1,1,1,1,1,1,1,1,1,1
CA1057,GEM5,1,1,1,1,1,1,1,1,1,1,1
CA1057,GEU1,3,3,3,3,3,3,3,3,3,3,3
CA1057,GEU2,21,21,21,21,21,21,21,21,21,21,21
CA1057,GEU3,1,1,1,1,1,1,1,1,1,1,1
CA1057,GEU4,1,1,1,1,1,1,1,1,1,1,1
CA1057,GEU5,1,1,1,1,1,1,1,1,1,1,1
CA1057,GEZ1,5,5,5,5,5,5,5,5,5,5,5
CA1057,GEZ2,12,12,12,12,12,12,12,12,12,12,12
CA1057,GEZ3,4,4,4,4,4,4,4,4,4,4,4
CA1057,GEZ4,1,1,1,1,1,1,1,1,1,1,1
CA1057,GEZ5,1,1,1,1,1,1,1,1,1,1,1
CA1057,LIWM21,1,1,1,1,1,1,1,1,1,1,1
CA1057,SR1F2,33,33,33,33,33,33,33,33,33,33,33
CA1057,SR1F2-ZQF2,12,12,12,12,12,12,12,12,12,12,12
CA1057,SR1J1,218,218,218,218,218,218,218,218,218,218,218
CA1057,SR1J1-SR1K1,41,41,41,41,41,41,41,41,41,41,41
CA1057,SR1J1-ZQJ1,1,1,1,1,1,1,1,1,1,1,1
CA1057,SR1K1,96,96,96,96,96,96,96,96,96,96,96
CA1057,SR1K1-SR1M1,37,37,37,37,37,37,37,37,37,37,37
CA1057,SR1K1-ZQK1,1,1,1,1,1,1,1,1,1,1,1
CA1057,SR1M1,82,82,82,82,82,82,82,82,82,82,82
CA1057,SR1M1-ZQM1,2,2,2,2,2,2,2,2,2,2,2
CA1057,SR1N1,30,30,30,30,30,30,30,30,30,30,30
CA1057,SR1N1-SR1Q1,1,1,1,1,1,1,1,1,1,1,1
CA1057,SR1N1-ZQN1,1,1,1,1,1,1,1,1,1,1,1
CA1057,SR1Q1,6,6,6,6,6,6,6,6,6,6,6
CA1057,SR1Q1-SR1U1,2,2,2,2,2,2,2,2,2,2,2
CA1057,SR1U1,21,21,21,21,21,21,21,21,21,21,21
CA1057,SR1U1-SR1V1,16,16,16,16,16,16,16,16,16,16,16
CA1057,SR1U1-ZQU1,2,2,2,2,2,2,2,2,2,2,2
CA1057,SR1V1,29,29,29,29,29,29,29,29,29,29,29
CA1057,SR1V1-SR1X1,2,2,2,2,2,2,2,2,2,2,2
CA1057,SR1V1-ZQV1,4,4,4,4,4,4,4,4,4,4,4
CA1057,SR1X1,8,8,8,8,8,8,8,8,8,8,8
CA1057,SR1X1-ZQX1,1,1,1,1,1,1,1,1,1,1,1
CA1057,SR1Z1,1,1,1,1,1,1,1,1,1,1,1
CA1057,SR3:AB 01Y M1,2,2,2,2,2,2,2,2,2,2,2
CA1057,SR3:AB 01Y M2,1,1,1,1,1,1,1,1,1,1,1
CA1057,SR3H2,83,83,83,83,83,83,83,83,83,83,83
CA1057,SR3H2-GEH2,8,8,8,8,8,8,8,8,8,8,8
CA1057,SR3H2-SR3M2,60,60,60,60,60,60,60,60,60,60,60
CA1057,SR3H3,30,30,30,30,30,30,30,30,30,30,30
CA1057,SR3H3-GEH3,3,3,3,3,3,3,3,3,3,3,3
CA1057,SR3H4,1,1,1,1,1,1,1,1,1,1,1
CA1057,SR3M1,18,18,18,18,18,18,18,18,18,18,18
CA1057,SR3M1-GEM1,4,4,4,4,4,4,4,4,4,4,4
CA1057,SR3M1-SR3U1,10,10,10,10,10,10,10,10,10,10,10
CA1057,SR3M2,123,123,123,123,123,123,123,123,123,123,123
CA1057,SR3M2-GEM2,4,4,4,4,4,4,4,4,4,4,4
CA1057,SR3M2-SR3U2,23,23,23,23,23,23,23,23,23,23,23
CA1057,SR3M3,3,3,3,3,3,3,3,3,3,3,3
CA1057,SR3M3-GEM3,2,2,2,2,2,2,2,2,2,2,2
CA1057,SR3U1,62,62,62,62,62,62,62,62,62,62,62
CA1057,SR3U1-GEU1,2,2,2,2,2,2,2,2,2,2,2
CA1057,SR3U1-SR3Z1,38,38,38,38,38,38,38,38,38,38,38
CA1057,SR3U2,174,174,174,174,174,174,174,174,174,174,174
CA1057,SR3U2-GEU2,13,13,13,13,13,13,13,13,13,13,13
CA1057,SR3U2-SR3Z2,126,126,126,126,126,126,126,126,126,126,126
CA1057,SR3Z1,75,75,75,75,75,75,75,75,75,75,75
CA1057,SR3Z1-GEZ1,3,3,3,3,3,3,3,3,3,3,3
CA1057,SR3Z1-SR3H2,2,2,2,2,2,2,2,2,2,2,2
CA1057,SR3Z2,154,154,154,154,154,154,154,154,154,154,154
CA1057,SR3Z2-GEZ2,9,9,9,9,9,9,9,9,9,9,9
CA1057,SR3Z2-SR3H3,15,15,15,15,15,15,15,15,15,15,15
CA1057,SR3Z3,3,3,3,3,3,3,3,3,3,3,3
CA1057,SR3Z3-GEZ3,2,2,2,2,2,2,2,2,2,2,2
CA1057,YIAM21,1,1,1,1,1,1,1,1,1,1,1
CA1057,YITM21,1,1,1,1,1,1,1,1,1,1,1
CA1057,ZQF2,12,12,12,12,12,12,12,12,12,12,12
CA1057,ZQJ1,2,2,2,2,2,2,2,2,2,2,2
CA1057,ZQK1,2,2,2,2,2,2,2,2,2,2,2
CA1057,ZQM1,4,4,4,4,4,4,4,4,4,4,4
CA1057,ZQN1,1,1,1,1,1,1,1,1,1,1,1
CA1057,ZQU1,2,2,2,2,2,2,2,2,2,2,2
CA1057,ZQU2,7,7,7,7,7,7,7,7,7,7,7
CA1057,ZQV1,4,4,4,4,4,4,4,4,4,4,4
CA1057,ZQX1,1,1,1,1,1,1,1,1,1,1,1
CA1057,ZQZ1,1,1,1,1,1,1,1,1,1,1,1
CSCHMIDT,F1UM1,7,7,7,7,7,7,7,7,7,7,7
CSCHMIDT,GE:FB 03Y M1,1,1,1,1,1,1,1,1,1,1,1
CSCHMIDT,GE:FB 05Y M1,20,20,20,20,20,20,20,20,20,20,20
CSCHMIDT,GE:PB M3-M4-M5,79,79,79,79,79,79,79,79,79,79,79
CSCHMIDT,GE:PK 01Y M1,1,1,1,1,1,1,1,1,1,1,1
CSCHMIDT,GE:PK 01Y M3,17,17,17,17,17,17,17,17,17,17,17
CSCHMIDT,GE:PK 01Y M4,34,34,34,34,34,34,34,34,34,34,34
CSCHMIDT,GE:PK 01Y M5,2,2,2,2,2,2,2,2,2,2,2
CSCHMIDT,GE:PS M3-M4,8,8,8,8,8,8,8,8,8,8,8
CSCHMIDT,GE:PS M4-M5,4,4,4,4,4,4,4,4,4,4,4
CSCHMIDT,GEH2,22,22,22,22,22,22,22,22,22,22,22
CSCHMIDT,GEH3,22,22,22,22,22,22,22,22,22,22,22
CSCHMIDT,GEH4,126,126,126,126,126,126,126,126,126,126,126
CSCHMIDT,GEH5,148,148,148,148,148,148,148,148,148,148,148
CSCHMIDT,GEH6,108,108,108,108,108,108,108,108,108,108,108
CSCHMIDT,GEM1,22,22,22,22,22,22,22,22,22,22,22
CSCHMIDT,GEM2,23,23,23,23,23,23,23,23,23,23,23
CSCHMIDT,GEM3,127,127,127,127,127,127,127,127,127,127,127
CSCHMIDT,GEM4,148,148,148,148,148,148,148,148,148,148,148
CSCHMIDT,GEM5,106,106,106,106,106,106,106,106,106,106,106
CSCHMIDT,GEU1,22,22,22,22,22,22,22,22,22,22,22
CSCHMIDT,GEU2,22,22,22,22,22,22,22,22,22,22,22
CSCHMIDT,GEU3,127,127,127,127,127,127,127,127,127,127,127
CSCHMIDT,GEU4,148,148,148,148,148,148,148,148,148,148,148
CSCHMIDT,GEU5,107,107,107,107,107,107,107,107,107,107,107
CSCHMIDT,GEZ1,22,22,22,22,22,22,22,22,22,22,22
CSCHMIDT,GEZ2,23,23,23,23,23,23,23,23,23,23,23
CSCHMIDT,GEZ3,127,127,127,127,127,127,127,127,127,127,127
CSCHMIDT,GEZ4,148,148,148,148,148,148,148,148,148,148,148
CSCHMIDT,GEZ5,106,106,106,106,106,106,106,106,106,106,106
CSCHMIDT,LIWM21,6,6,6,6,6,6,6,6,6,6,6
CSCHMIDT,SF3:PACK:M21,16,16,16,16,16,16,16,16,16,16,16
CSCHMIDT,SF3:PACK:M22,5,5,5,5,5,5,5,5,5,5,5
CSCHMIDT,SF3H2,21,21,21,21,21,21,21,21,21,21,21
CSCHMIDT,SF3H3,5,5,5,5,5,5,5,5,5,5,5
CSCHMIDT,SF3M1,16,16,16,16,16,16,16,16,16,16,16
CSCHMIDT,SF3M2,5,5,5,5,5,5,5,5,5,5,5
CSCHMIDT,SF3U1,16,16,16,16,16,16,16,16,16,16,16
CSCHMIDT,SF3U2,5,5,5,5,5,5,5,5,5,5,5
CSCHMIDT,SF3Z1,20,20,20,20,20,20,20,20,20,20,20
CSCHMIDT,SF3Z2,5,5,5,5,5,5,5,5,5,5,5
CSCHMIDT,SR3:AB 01Y M1,285,285,285,285,285,285,285,285,285,285,285
CSCHMIDT,SR3:AB 01Y M2,4,4,4,4,4,4,4,4,4,4,4
CSCHMIDT,SR3:AB 01Y M3,4,4,4,4,4,4,4,4,4,4,4
CSCHMIDT,SR3:AB 02Y M1,3,3,3,3,3,3,3,3,3,3,3
CSCHMIDT,SR3H2,288,288,288,288,288,288,288,288,288,288,288
CSCHMIDT,SR3H3,9,9,9,9,9,9,9,9,9,9,9
CSCHMIDT,SR3H4,5,5,5,5,5,5,5,5,5,5,5
CSCHMIDT,SR3M1,292,292,292,292,292,292,292,292,292,292,292
CSCHMIDT,SR3M2,12,12,12,12,12,12,12,12,12,12,12
CSCHMIDT,SR3M3,5,5,5,5,5,5,5,5,5,5,5
CSCHMIDT,SR3U1,292,292,292,292,292,292,292,292,292,292,292
CSCHMIDT,SR3U2,9,9,9,9,9,9,9,9,9,9,9
CSCHMIDT,SR3U3,6,6,6,6,6,6,6,6,6,6,6
CSCHMIDT,SR3Z1,290,290,290,290,290,290,290,290,290,290,290
CSCHMIDT,SR3Z2,10,10,10,10,10,10,10,10,10,10,10
CSCHMIDT,SR3Z3,6,6,6,6,6,6,6,6,6,6,6
CSCHMIDT,YIAM21,301,301,301,301,301,301,301,301,301,301,301
CSCHMIDT,YICM21,2,2,2,2,2,2,2,2,2,2,2
CSCHMIDT,YIDM21,3,3,3,3,3,3,3,3,3,3,3
CSCHMIDT,YITM21,5,5,5,5,5,5,5,5,5,5,5
CSCHMIDT,YIWM21,1,1,1,1,1,1,1,1,1,1,1
FIZERALGO,GE:PK 01Y M4,2,2,2,2,2,2,2,2,2,2,2
FIZERALGO,GEH5,2,2,2,2,2,2,2,2,2,2,2
FIZERALGO,GEM4,2,2,2,2,2,2,2,2,2,2,2
FIZERALGO,GEU4,2,2,2,2,2,2,2,2,2,2,2
FIZERALGO,GEZ4,2,2,2,2,2,2,2,2,2,2,2
HREDDY,SON-STLM26,1,1,1,1,1,1,1,1,1,0,0
HREDDY,SONM22,1,1,1,1,1,1,1,1,1,1,1
HREDDY,SONM22-SONU22,1,1,1,1,1,1,1,1,1,0,0
HREDDY,SONM26,1,1,1,1,1,1,1,1,1,1,1
HREDDY,SONU22,1,1,1,1,1,1,1,1,1,1,1
HREDDY,STLM26,1,1,1,1,1,1,1,1,1,1,1
RKV1057,BTCJ1,2,2,2,2,2,2,2,2,2,2,2
RKV1057,BTCJ1-BTCK1,1,1,1,1,1,1,1,1,1,1,1
RKV1057,BTCK1,2,2,2,2,2,2,2,2,2,2,2
RVERMA,EUI:BF Z21-M22-Z22,2,2,2,2,2,2,2,2,2,0,0
RVERMA,EUIH22,5,5,5,5,5,5,5,5,5,5,5
RVERMA,EUIH22-EUIH23,2,2,2,2,2,2,2,2,2,0,0
RVERMA,EUIH22-EUIM22,1,1,1,1,1,1,1,1,1,0,0
RVERMA,EUIH23,5,5,5,5,5,5,5,5,5,5,5
RVERMA,EUIH23-EUIM23,1,1,1,1,1,1,1,1,1,0,0
RVERMA,EUIH25,5,5,5,5,5,5,5,5,5,5,5
RVERMA,EUIM22,27,27,27,27,27,27,27,27,27,27,27
RVERMA,EUIM22-EUIH23,1,1,1,1,1,1,1,1,1,0,0
RVERMA,EUIM22-EUIZ22,22,22,22,22,22,22,22,22,22,0,0
RVERMA,EUIM23,1,1,1,1,1,1,1,1,1,1,1
RVERMA,EUIM24,1,1,1,1,1,1,1,1,1,1,1
RVERMA,EUIM24-EUIH25,1,1,1,1,1,1,1,1,1,1,1
RVERMA,EUIU23,6,6,6,6,6,6,6,6,6,6,6
RVERMA,EUIU23-EUIZ23,6,6,6,6,6,6,6,6,6,6,6
RVERMA,EUIU24,2,2,2,2,2,2,2,2,2,2,2
RVERMA,EUIU24-EUIH25,2,2,2,2,2,2,2,2,2,0,0
RVERMA,EUIZ21,3,3,3,3,3,3,3,3,3,3,3
RVERMA,EUIZ21-EUIH22,1,1,1,1,1,1,1,1,1,1,1
RVERMA,EUIZ22,25,25,25,25,25,25,25,25,25,25,25
RVERMA,EUIZ22-EUIH23,1,1,1,1,1,1,1,1,1,1,1
RVERMA,EUIZ23,6,6,6,6,6,6,6,6,6,6,6
RVERMA,EUIZ24,2,2,2,2,2,2,2,2,2,2,2
RVERMA,EUIZ24-EUIH25,2,2,2,2,2,2,2,2,2,0,0
amarkantkumar,I:BND2:M21,6,6,6,6,6,6,6,6,6,0,0
amarkantkumar,I:BND3:M21,4,4,4,4,4,4,4,4,4,0,0
amarkantkumar,I:BND4:M21,13,13,13,13,13,13,13,13,13,0,0
amarkantkumar,I:BND5:M21,1274,1274,1274,1274,1274,1274,1274,1274,1274,0,0
amarkantkumar,I:FBUT:H24+U24+H25,2,2,2,2,2,2,2,2,2,0,0
amarkantkumar,I:FBUT:H25+M25+U25,4,4,4,4,4,4,4,4,4,0,0
amarkantkumar,I:FBUT:H25+U25+H26,7,7,7,7,7,7,7,7,7,0,0
amarkantkumar,I:FBUT:M23+U23+Z23,8,8,8,8,8,8,8,8,8,0,0
amarkantkumar,I:FBUT:M24+Z24+M25,1,1,1,1,1,1,1,1,1,0,0
amarkantkumar,I:FBUT:M25+Z25+M26,23,23,23,23,23,23,23,23,23,0,0
amarkantkumar,I:FBUT:U24+H25+U25,16,16,16,16,16,16,16,16,16,0,0
amarkantkumar,I:FBUT:U24+Z24+H25,13,13,13,13,13,13,13,13,13,0,0
amarkantkumar,I:FBUT:Z23+M24+Z24,2,2,2,2,2,2,2,2,2,0,0
amarkantkumar,I:FBUT:Z24+H25+M25,6,6,6,6,6,6,6,6,6,0,0
amarkantkumar,I:FBUT:Z24+M25+Z25,9,9,9,9,9,9,9,9,9,0,0
amarkantkumar,I:FBUT:Z25+H26+M26,11,11,11,11,11,11,11,11,11,0,0
amarkantkumar,I:PACK:M21,1,1,1,1,1,1,1,1,1,0,0
amarkantkumar,I:PACK:M22,2,2,2,2,2,2,2,2,2,0,0
amarkantkumar,I:PACK:M23,5,5,5,5,5,5,5,5,5,0,0
amarkantkumar,I:PACK:M24,103,103,103,103,103,103,103,103,103,0,0
amarkantkumar,I:PACK:M25,27,27,27,27,27,27,27,27,27,0,0
amarkantkumar,IH2,1298,1298,1298,1298,1298,1298,1298,1298,1298,1298,1298
amarkantkumar,IH3,1299,1299,1299,1299,1299,1299,1299,1299,1299,1299,1299
amarkantkumar,IH4,1300,1300,1300,1300,1300,1300,1300,1300,1300,1300,1300
amarkantkumar,IH4-IU4,2,2,2,2,2,2,2,2,2,2,2
amarkantkumar,IH5,1484,1484,1484,1484,1484,1484,1484,1484,1484,1484,1484
amarkantkumar,IH5-IM5,2,2,2,2,2,2,2,2,2,2,2
amarkantkumar,IH5-IU5,24,24,24,24,24,24,24,24,24,24,24
amarkantkumar,IH6,1340,1340,1340,1340,1340,1340,1340,1340,1340,1340,1340
amarkantkumar,IM1,1298,1298,1298,1298,1298,1298,1298,1298,1298,1298,1298
amarkantkumar,IM2,1299,1299,1299,1299,1299,1299,1299,1299,1299,1299,1299
amarkantkumar,IM3,1304,1304,1304,1304,1304,1304,1304,1304,1304,1304,1304
amarkantkumar,IM4,1398,1398,1398,1398,1398,1398,1398,1398,1398,1398,1398
amarkantkumar,IM4-IZ4,3,3,3,3,3,3,3,3,3,3,3
amarkantkumar,IM5,1387,1387,1387,1387,1387,1387,1387,1387,1387,1387,1387
amarkantkumar,IM5-IU5,1,1,1,1,1,1,1,1,1,1,1
amarkantkumar,IM5-IZ5,31,31,31,31,31,31,31,31,31,31,31
amarkantkumar,IM6,63,63,63,63,63,63,63,63,63,63,63
amarkantkumar,IU1,1298,1298,1298,1298,1298,1298,1298,1298,1298,1298,1298
amarkantkumar,IU2,1299,1299,1299,1299,1299,1299,1299,1299,1299,1299,1299
amarkantkumar,IU3,1304,1304,1304,1304,1304,1304,1304,1304,1304,1304,1304
amarkantkumar,IU4,1447,1447,1447,1447,1447,1447,1447,1447,1447,1447,1447
amarkantkumar,IU4-IH5,19,19,19,19,19,19,19,19,19,19,19
amarkantkumar,IU4-IZ4,5,5,5,5,5,5,5,5,5,5,5
amarkantkumar,IU5,1363,1363,1363,1363,1363,1363,1363,1363,1363,1363,1363
amarkantkumar,IU5-IH6,10,10,10,10,10,10,10,10,10,10,10
amarkantkumar,IZ1,1298,1298,1298,1298,1298,1298,1298,1298,1298,1298,1298
amarkantkumar,IZ2,1299,1299,1299,1299,1299,1299,1299,1299,1299,1299,1299
amarkantkumar,IZ3,1308,1308,1308,1308,1308,1308,1308,1308,1308,1308,1308
amarkantkumar,IZ3-IM4,2,2,2,2,2,2,2,2,2,2,2
amarkantkumar,IZ4,1439,1439,1439,1439,1439,1439,1439,1439,1439,1439,1439
amarkantkumar,IZ4-IH5,1,1,1,1,1,1,1,1,1,1,1
amarkantkumar,IZ4-IM5,9,9,9,9,9,9,9,9,9,9,9
amarkantkumar,IZ5,1415,1415,1415,1415,1415,1415,1415,1415,1415,1415,1415
amarkantkumar,IZ5-IH6,11,11,11,11,11,11,11,11,11,11,11
amarkantkumar,IZ5-IM6,29,29,29,29,29,29,29,29,29,29,29
amarkantkumar,L:FBUT:H22+M22+U22,6,6,6,6,6,6,6,6,6,0,0
amarkantkumar,L:FBUT:H26+M26+U26,4,4,4,4,4,4,4,4,4,0,0
amarkantkumar,L:FBUT:M22+U22+Z22,11,11,11,11,11,11,11,11,11,0,0
amarkantkumar,L:FBUT:U22+Z22+H23,3,3,3,3,3,3,3,3,3,0,0
amarkantkumar,LH2,6,6,6,6,6,6,6,6,6,6,6
amarkantkumar,LH3,12,12,12,12,12,12,12,12,12,12,12
amarkantkumar,LH4,9,9,9,9,9,9,9,9,9,9,9
amarkantkumar,LH4-LU4,8,8,8,8,8,8,8,8,8,8,8
amarkantkumar,LH5,18,18,18,18,18,18,18,18,18,18,18
amarkantkumar,LH6,5,5,5,5,5,5,5,5,5,5,5
amarkantkumar,LM2,42,42,42,42,42,42,42,42,42,42,42
amarkantkumar,LM3,2,2,2,2,2,2,2,2,2,2,2
amarkantkumar,LM4,1,1,1,1,1,1,1,1,1,1,1
amarkantkumar,LM6,4,4,4,4,4,4,4,4,4,4,4
amarkantkumar,LU1,4,4,4,4,4,4,4,4,4,4,4
amarkantkumar,LU1-SO3U1,4,4,4,4,4,4,4,4,4,4,4
amarkantkumar,LU2,21,21,21,21,21,21,21,21,21,21,21
amarkantkumar,LU2-LH3,1,1,1,1,1,1,1,1,1,1,1
amarkantkumar,LU4,12,12,12,12,12,12,12,12,12,12,12
amarkantkumar,LU6,4,4,4,4,4,4,4,4,4,4,4
amarkantkumar,LZ1,1,1,1,1,1,1,1,1,1,1,1
amarkantkumar,LZ2,22,22,22,22,22,22,22,22,22,22,22
amarkantkumar,LZ2-LH3,8,8,8,8,8,8,8,8,8,8,8
amarkantkumar,LZ3,10,10,10,10,10,10,10,10,10,10,10
amarkantkumar,LZ4,3,3,3,3,3,3,3,3,3,3,3
amarkantkumar,SO3:FBUT:H25+M25+U25,16,16,16,16,16,16,16,16,16,0,0
amarkantkumar,SO3:FBUT:H26+M26+U26,3,3,3,3,3,3,3,3,3,0,0
amarkantkumar,SO3:FBUT:Z24+H25+M25,7,7,7,7,7,7,7,7,7,0,0
amarkantkumar,SO3H2,1,1,1,1,1,1,1,1,1,1,1
amarkantkumar,SO3H2-SO3M2,1,1,1,1,1,1,1,1,1,1,1
amarkantkumar,SO3H3,1,1,1,1,1,1,1,1,1,1,1
amarkantkumar,SO3H3-SO3M3,1,1,1,1,1,1,1,1,1,1,1
amarkantkumar,SO3H5,23,23,23,23,23,23,23,23,23,23,23
amarkantkumar,SO3H6,3,3,3,3,3,3,3,3,3,3,3
amarkantkumar,SO3M2,1,1,1,1,1,1,1,1,1,1,1
amarkantkumar,SO3M3,1,1,1,1,1,1,1,1,1,1,1
amarkantkumar,SO3M5,23,23,23,23,23,23,23,23,23,23,23
amarkantkumar,SO3M6,4,4,4,4,4,4,4,4,4,4,4
amarkantkumar,SO3U1,4,4,4,4,4,4,4,4,4,4,4
amarkantkumar,SO3U5,16,16,16,16,16,16,16,16,16,16,16
amarkantkumar,SO3U6,3,3,3,3,3,3,3,3,3,3,3
amarkantkumar,SO3Z4,7,7,7,7,7,7,7,7,7,7,7
angelgupta,L:BND2:M21,42,42,42,42,42,42,42,42,42,0,0
angelgupta,L:BND3:M21,2,2,2,2,2,2,2,2,2,0,0
angelgupta,L:PACK:M23,11,11,11,11,11,11,11,11,11,0,0
angelgupta,LH2,51,51,51,51,51,51,51,51,51,51,51
angelgupta,LH2-LM2,7,7,7,7,7,7,7,7,7,7,7
angelgupta,LH3,68,68,68,68,68,68,68,68,68,68,68
angelgupta,LH3-LM3,7,7,7,7,7,7,7,7,7,7,7
angelgupta,LH4,13,13,13,13,13,13,13,13,13,13,13
angelgupta,LH5,6,6,6,6,6,6,6,6,6,6,6
angelgupta,LM1,44,44,44,44,44,44,44,44,44,44,44
angelgupta,LM2,51,51,51,51,51,51,51,51,51,51,51
angelgupta,LM3,24,24,24,24,24,24,24,24,24,24,24
angelgupta,LU1,44,44,44,44,44,44,44,44,44,44,44
angelgupta,LU2,67,67,67,67,67,67,67,67,67,67,67
angelgupta,LU2-LZ2,23,23,23,23,23,23,23,23,23,23,23
angelgupta,LU3,13,13,13,13,13,13,13,13,13,13,13
angelgupta,LZ1,46,46,46,46,46,46,46,46,46,46,46
angelgupta,LZ1-SO3Z1,2,2,2,2,2,2,2,2,2,2,2
angelgupta,LZ2,81,81,81,81,81,81,81,81,81,81,81
angelgupta,LZ2-LH3,14,14,14,14,14,14,14,14,14,14,14
angelgupta,LZ3,13,13,13,13,13,13,13,13,13,13,13
angelgupta,LZ4,1,1,1,1,1,1,1,1,1,1,1
angelgupta,SO3:BND2:M21,123,123,123,123,123,123,123,123,123,123,123
angelgupta,SO3:BND3:M21,1103,1103,1103,1103,1103,1103,1103,1103,1103,1103,1103
angelgupta,SO3:PACK:M23,158,158,158,158,158,158,158,158,158,158,158
angelgupta,SO3H2,1259,1259,1259,1259,1259,1259,1259,1259,1259,1259,1259
angelgupta,SO3H2-SO3M2,20,20,20,20,20,20,20,20,20,20,20
angelgupta,SO3H3,1271,1271,1271,1271,1271,1271,1271,1271,1271,1271,1271
angelgupta,SO3H3-SO3M3,8,8,8,8,8,8,8,8,8,8,8
angelgupta,SO3H4,1268,1268,1268,1268,1268,1268,1268,1268,1268,1268,1268
angelgupta,SO3M1,1240,1240,1240,1240,1240,1240,1240,1240,1240,1240,1240
angelgupta,SO3M1-SO3U1,14,14,14,14,14,14,14,14,14,14,14
angelgupta,SO3M2,1294,1294,1294,1294,1294,1294,1294,1294,1294,1294,1294
angelgupta,SO3M2-SO3U2,47,47,47,47,47,47,47,47,47,47,47
angelgupta,SO3M3,1269,1269,1269,1269,1269,1269,1269,1269,1269,1269,1269
angelgupta,SO3M6,1,1,1,1,1,1,1,1,1,1,1
angelgupta,SO3U1,1251,1251,1251,1251,1251,1251,1251,1251,1251,1251,1251
angelgupta,SO3U1-SO3Z1,10,10,10,10,10,10,10,10,10,10,10
angelgupta,SO3U2,1341,1341,1341,1341,1341,1341,1341,1341,1341,1341,1341
angelgupta,SO3U2-SO3Z2,68,68,68,68,68,68,68,68,68,68,68
angelgupta,SO3U3,1263,1263,1263,1263,1263,1263,1263,1263,1263,1263,1263
angelgupta,SO3U3-SO3Z3,2,2,2,2,2,2,2,2,2,2,2
angelgupta,SO3Z1,1250,1250,1250,1250,1250,1250,1250,1250,1250,1250,1250
angelgupta,SO3Z1-SO3H2,12,12,12,12,12,12,12,12,12,12,12
angelgupta,SO3Z2,1331,1331,1331,1331,1331,1331,1331,1331,1331,1331,1331
angelgupta,SO3Z2-SO3H3,37,37,37,37,37,37,37,37,37,37,37
angelgupta,SO3Z3,1270,1270,1270,1270,1270,1270,1270,1270,1270,1270,1270
angelgupta,SO3Z3-SO3H4,7,7,7,7,7,7,7,7,7,7,7
arvindmenon,BTMK1,9,9,9,9,9,9,9,9,9,9,9
arvindmenon,L:FBUT:H22+M22+U22,6,6,6,6,6,6,6,6,6,0,0
arvindmenon,L:FBUT:H23+M23+U23,14,14,14,14,14,14,14,14,14,0,0
arvindmenon,L:FBUT:H25+M25+U25,1,1,1,1,1,1,1,1,1,0,0
arvindmenon,L:FBUT:M21+U21+Z21,2,2,2,2,2,2,2,2,2,0,0
arvindmenon,L:FBUT:M22+U22+Z22,28,28,28,28,28,28,28,28,28,0,0
arvindmenon,L:FBUT:M23+U23+Z23,3,3,3,3,3,3,3,3,3,0,0
arvindmenon,L:FBUT:U21+Z21+H22,2,2,2,2,2,2,2,2,2,0,0
arvindmenon,L:FBUT:U22+Z22+H23,14,14,14,14,14,14,14,14,14,0,0
arvindmenon,L:FBUT:U23+Z23+H24,2,2,2,2,2,2,2,2,2,0,0
arvindmenon,L:FBUT:Z21+H22+M22,2,2,2,2,2,2,2,2,2,0,0
arvindmenon,L:FBUT:Z22+H23+M23,7,7,7,7,7,7,7,7,7,0,0
arvindmenon,L:FBUT:Z24+H25+M25,1,1,1,1,1,1,1,1,1,0,0
arvindmenon,LH2,12,12,12,12,12,12,12,12,12,12,12
arvindmenon,LH2-LM2,1,1,1,1,1,1,1,1,1,1,1
arvindmenon,LH3,36,36,36,36,36,36,36,36,36,36,36
arvindmenon,LH3-LM3,1,1,1,1,1,1,1,1,1,1,1
arvindmenon,LH4,6,6,6,6,6,6,6,6,6,6,6
arvindmenon,LH4-LM4,4,4,4,4,4,4,4,4,4,4,4
arvindmenon,LH5,10,10,10,10,10,10,10,10,10,10,10
arvindmenon,LM1,2,2,2,2,2,2,2,2,2,2,2
arvindmenon,LM2,43,43,43,43,43,43,43,43,43,43,43
arvindmenon,LM2-LU2,6,6,6,6,6,6,6,6,6,6,6
arvindmenon,LM3,25,25,25,25,25,25,25,25,25,25,25
arvindmenon,LM4,4,4,4,4,4,4,4,4,4,4,4
arvindmenon,LM5,2,2,2,2,2,2,2,2,2,2,2
arvindmenon,LU1,4,4,4,4,4,4,4,4,4,4,4
arvindmenon,LU2,56,56,56,56,56,56,56,56,56,56,56
arvindmenon,LU2-LZ2,2,2,2,2,2,2,2,2,2,2,2
arvindmenon,LU3,19,19,19,19,19,19,19,19,19,19,19
arvindmenon,LU4,9,9,9,9,9,9,9,9,9,9,9
arvindmenon,LU4-LH5,8,8,8,8,8,8,8,8,8,8,8
arvindmenon,LU5,1,1,1,1,1,1,1,1,1,1,1
arvindmenon,LZ1,7,7,7,7,7,7,7,7,7,7,7
arvindmenon,LZ1-LH2,1,1,1,1,1,1,1,1,1,1,1
arvindmenon,LZ2,51,51,51,51,51,51,51,51,51,51,51
arvindmenon,LZ3,6,6,6,6,6,6,6,6,6,6,6
arvindmenon,LZ3-LU4,1,1,1,1,1,1,1,1,1,1,1
arvindmenon,LZ4,2,2,2,2,2,2,2,2,2,2,2
arvindmenon,SO3:FBUT:H25+M25+U25,4,4,4,4,4,4,4,4,4,0,0
arvindmenon,SO3:FBUT:Z24+H25+M25,4,4,4,4,4,4,4,4,4,0,0
arvindmenon,SO3H2,4,4,4,4,4,4,4,4,4,4,4
arvindmenon,SO3H2-SO3M2,1,1,1,1,1,1,1,1,1,1,1
arvindmenon,SO3H3,23,23,23,23,23,23,23,23,23,23,23
arvindmenon,SO3H4,2,2,2,2,2,2,2,2,2,2,2
arvindmenon,SO3H5,8,8,8,8,8,8,8,8,8,8,8
arvindmenon,SO3M2,1,1,1,1,1,1,1,1,1,1,1
arvindmenon,SO3M3,5,5,5,5,5,5,5,5,5,5,5
arvindmenon,SO3M3-SO3U3,5,5,5,5,5,5,5,5,5,5,5
arvindmenon,SO3M5,8,8,8,8,8,8,8,8,8,8,8
arvindmenon,SO3U1,7,7,7,7,7,7,7,7,7,7,7
arvindmenon,SO3U1-SO3Z1,7,7,7,7,7,7,7,7,7,7,7
arvindmenon,SO3U2,13,13,13,13,13,13,13,13,13,13,13
arvindmenon,SO3U2-SO3Z2,13,13,13,13,13,13,13,13,13,13,13
arvindmenon,SO3U3,6,6,6,6,6,6,6,6,6,6,6
arvindmenon,SO3U3-SO3Z3,1,1,1,1,1,1,1,1,1,1,1
arvindmenon,SO3U5,4,4,4,4,4,4,4,4,4,4,4
arvindmenon,SO3Z1,10,10,10,10,10,10,10,10,10,10,10
arvindmenon,SO3Z1-SO3H2,3,3,3,3,3,3,3,3,3,3,3
arvindmenon,SO3Z2,36,36,36,36,36,36,36,36,36,36,36
arvindmenon,SO3Z2-SO3H3,23,23,23,23,23,23,23,23,23,23,23
arvindmenon,SO3Z3,3,3,3,3,3,3,3,3,3,3,3
arvindmenon,SO3Z3-SO3H4,2,2,2,2,2,2,2,2,2,2,2
arvindmenon,SO3Z4,4,4,4,4,4,4,4,4,4,4,4
catkins,AMB1H3,2,2,2,2,2,2,2,2,2,2,2
catkins,AMB1K1,2,2,2,2,2,2,2,2,2,2,2
catkins,AMB1M1,2,2,2,2,2,2,2,2,2,2,2
catkins,AMB1N1,2,2,2,2,2,2,2,2,2,2,2
catkins,AMB3M1,2,2,2,2,2,2,2,2,2,2,2
craigatkins,SF1J1,220,220,220,220,220,220,220,220,220,220,220
craigatkins,SF1J1-SF1K1,43,43,43,43,43,43,43,43,43,43,43
craigatkins,SF1K1,107,107,107,107,107,107,107,107,107,107,107
craigatkins,SF1K1-SF1M1,51,51,51,51,51,51,51,51,51,51,51
craigatkins,SF1M1,86,86,86,86,86,86,86,86,86,86,86
craigatkins,SF1N1,16,16,16,16,16,16,16,16,16,16,16
craigatkins,SF1Q1,5,5,5,5,5,5,5,5,5,5,5
craigatkins,SF1U1,23,23,23,23,23,23,23,23,23,23,23
craigatkins,SF1U1-SF1V1,23,23,23,23,23,23,23,23,23,23,23
craigatkins,SF1V1,24,24,24,24,24,24,24,24,24,24,24
craigatkins,SF1V1-SF1X1,1,1,1,1,1,1,1,1,1,1,1
craigatkins,SF1X1,1,1,1,1,1,1,1,1,1,1,1
craigatkins,SF3H2,72,72,72,72,72,72,72,72,72,72,72
craigatkins,SF3H2-SF3M2,66,66,66,66,66,66,66,66,66,66,66
craigatkins,SF3H3,12,12,12,12,12,12,12,12,12,12,12
craigatkins,SF3M1,25,25,25,25,25,25,25,25,25,25,25
craigatkins,SF3M1-SF3U1,21,21,21,21,21,21,21,21,21,21,21
craigatkins,SF3M2,111,111,111,111,111,111,111,111,111,111,111
craigatkins,SF3M2-SF3U2,30,30,30,30,30,30,30,30,30,30,30
craigatkins,SF3U1,107,107,107,107,107,107,107,107,107,107,107
craigatkins,SF3U1-SF3Z1,85,85,85,85,85,85,85,85,85,85,85
craigatkins,SF3U2,184,184,184,184,184,184,184,184,184,184,184
craigatkins,SF3U2-SF3Z2,154,154,154,154,154,154,154,154,154,154,154
craigatkins,SF3Z1,89,89,89,89,89,89,89,89,89,89,89
craigatkins,SF3Z1-SF3H2,1,1,1,1,1,1,1,1,1,1,1
craigatkins,SF3Z2,166,166,166,166,166,166,166,166,166,166,166
craigatkins,SF3Z2-SF3H3,12,12,12,12,12,12,12,12,12,12,12
eugenekrel,BTMJ1,1,1,1,1,1,1,1,1,1,0,0
eugenekrel,BTMK1,31,31,31,31,31,31,31,31,31,31,31
harishreddy,SO3M2,1,1,1,1,1,1,1,1,1,1,1
harishreddy,SO3M2-SO3U2,1,1,1,1,1,1,1,1,1,1,1
harishreddy,SO3U2,1,1,1,1,1,1,1,1,1,1,1
ravikumarverma,I:FBUT:Z21+M22+Z22,2,2,2,2,2,2,2,2,2,0,0
ravikumarverma,IH2,12,12,12,12,12,12,12,12,12,12,12
ravikumarverma,IH2-IH3,3,3,3,3,3,3,3,3,3,3,3
ravikumarverma,IH2-IM2,8,8,8,8,8,8,8,8,8,8,8
ravikumarverma,IH3,8,8,8,8,8,8,8,8,8,8,8
ravikumarverma,IH3-IM3,1,1,1,1,1,1,1,1,1,1,1
ravikumarverma,IH5,21,21,21,21,21,21,21,21,21,21,21
ravikumarverma,IM2,75,75,75,75,75,75,75,75,75,75,75
ravikumarverma,IM2-IH3,3,3,3,3,3,3,3,3,3,3,3
ravikumarverma,IM2-IZ2,62,62,62,62,62,62,62,62,62,62,62
ravikumarverma,IM3,1,1,1,1,1,1,1,1,1,1,1
ravikumarverma,IM4,1,1,1,1,1,1,1,1,1,1,1
ravikumarverma,IM4-IH5,1,1,1,1,1,1,1,1,1,1,1
ravikumarverma,IU3,21,21,21,21,21,21,21,21,21,21,21
ravikumarverma,IU3-IZ3,21,21,21,21,21,21,21,21,21,21,21
ravikumarverma,IU4,10,10,10,10,10,10,10,10,10,10,10
ravikumarverma,IU4-IH5,10,10,10,10,10,10,10,10,10,10,10
ravikumarverma,IZ1,3,3,3,3,3,3,3,3,3,3,3
ravikumarverma,IZ1-IH2,1,1,1,1,1,1,1,1,1,1,1
ravikumarverma,IZ2,65,65,65,65,65,65,65,65,65,65,65
ravikumarverma,IZ2-IH3,1,1,1,1,1,1,1,1,1,1,1
ravikumarverma,IZ3,21,21,21,21,21,21,21,21,21,21,21
ravikumarverma,IZ4,10,10,10,10,10,10,10,10,10,10,10
ravikumarverma,IZ4-IH5,10,10,10,10,10,10,10,10,10,10,10
